<?xml version="1.0" encoding="utf-8"?>
<annotation>
 <folder>
  data
 </folder>
 <filename>
  20000010019_I001_9.jpg
 </filename>
 <path>
  C:\museum\windows_LabelImg_v1.8.1\data\20000010019_I001.jpg
 </path>
 <source>
  <database>
   Unknown
  </database>
 </source>
 <size>
  <width>
   416
  </width>
  <height>
   416
  </height>
  <depth>
   3
  </depth>
 </size>
 <segmented>
  0
 </segmented>
 <object>
  <name>
   2000.001.0019
  </name>
  <pose>
   Unspecified
  </pose>
  <truncated>
   0
  </truncated>
  <difficult>
   0
  </difficult>
  <bndbox>
   <xmin>
    64.36885368650502
   </xmin>
   <ymin>
    55.47957511549321
   </ymin>
   <xmax>
    281.01355002504744
   </xmax>
   <ymax>
    271.7903473438883
   </ymax>
  </bndbox>
 </object>
</annotation>