<annotation>
	<folder>data</folder>
	<filename>20000010020_I002.jpg</filename>
	<path>C:\museum\windows_LabelImg_v1.8.1\data\20000010020_I002.jpg</path>
	<source>
		<database>Unknown</database>
	</source>
	<size>
		<width>416</width>
		<height>416</height>
		<depth>3</depth>
	</size>
	<segmented>0</segmented>
	<object>
		<name>2000.001.0020</name>
		<pose>Unspecified</pose>
		<truncated>0</truncated>
		<difficult>0</difficult>
		<bndbox>
			<xmin>30</xmin>
			<ymin>71</ymin>
			<xmax>373</xmax>
			<ymax>353</ymax>
		</bndbox>
	</object>
</annotation>