<?xml version="1.0" encoding="utf-8"?>
<annotation>
 <folder>
  data
 </folder>
 <filename>
  20000010015_I003_4.jpg
 </filename>
 <path>
  C:\museum\windows_LabelImg_v1.8.1\data\20000010015_I003.jpg
 </path>
 <source>
  <database>
   Unknown
  </database>
 </source>
 <size>
  <width>
   416
  </width>
  <height>
   416
  </height>
  <depth>
   3
  </depth>
 </size>
 <segmented>
  0
 </segmented>
 <object>
  <name>
   2000.001.0015
  </name>
  <pose>
   Unspecified
  </pose>
  <truncated>
   0
  </truncated>
  <difficult>
   0
  </difficult>
  <bndbox>
   <xmin>
    65.60341762726512
   </xmin>
   <ymin>
    37.361316127650355
   </ymin>
   <xmax>
    330.56019006561
   </xmax>
   <ymax>
    332.3046295346544
   </ymax>
  </bndbox>
 </object>
</annotation>