<annotation>
	<folder>data</folder>
	<filename>20000010015_I001.jpg</filename>
	<path>C:\museum\windows_LabelImg_v1.8.1\data\20000010015_I001.jpg</path>
	<source>
		<database>Unknown</database>
	</source>
	<size>
		<width>416</width>
		<height>416</height>
		<depth>3</depth>
	</size>
	<segmented>0</segmented>
	<object>
		<name>2000.001.0015</name>
		<pose>Unspecified</pose>
		<truncated>0</truncated>
		<difficult>0</difficult>
		<bndbox>
			<xmin>27</xmin>
			<ymin>71</ymin>
			<xmax>372</xmax>
			<ymax>344</ymax>
		</bndbox>
	</object>
</annotation>