<?xml version="1.0" encoding="utf-8"?>
<annotation>
 <folder>
  data
 </folder>
 <filename>
  20010010187_I001_9.jpg
 </filename>
 <path>
  C:\museum\windows_LabelImg_v1.8.1\data\20010010187_I001.jpg
 </path>
 <source>
  <database>
   Unknown
  </database>
 </source>
 <size>
  <width>
   416
  </width>
  <height>
   416
  </height>
  <depth>
   3
  </depth>
 </size>
 <segmented>
  0
 </segmented>
 <object>
  <name>
   2001.001.0187
  </name>
  <pose>
   Unspecified
  </pose>
  <truncated>
   0
  </truncated>
  <difficult>
   0
  </difficult>
  <bndbox>
   <xmin>
    22.70019723691675
   </xmin>
   <ymin>
    4.317457297436476
   </ymin>
   <xmax>
    354.92662701102756
   </xmax>
   <ymax>
    328.4979591675557
   </ymax>
  </bndbox>
 </object>
</annotation>