<?xml version="1.0" encoding="utf-8"?>
<annotation>
 <folder>
  data
 </folder>
 <filename>
  20010010198_I001_4.jpg
 </filename>
 <path>
  C:\museum\windows_LabelImg_v1.8.1\data\20010010198_I001.jpg
 </path>
 <source>
  <database>
   Unknown
  </database>
 </source>
 <size>
  <width>
   416
  </width>
  <height>
   416
  </height>
  <depth>
   3
  </depth>
 </size>
 <segmented>
  0
 </segmented>
 <object>
  <name>
   2001.001.0198
  </name>
  <pose>
   Unspecified
  </pose>
  <truncated>
   0
  </truncated>
  <difficult>
   0
  </difficult>
  <bndbox>
   <xmin>
    0.0
   </xmin>
   <ymin>
    1.4723763961673058
   </ymin>
   <xmax>
    355.2469341908602
   </xmax>
   <ymax>
    414.5276236038327
   </ymax>
  </bndbox>
 </object>
</annotation>