<annotation>
	<folder>data</folder>
	<filename>20010010198_I002.jpg</filename>
	<path>C:\museum\windows_LabelImg_v1.8.1\data\20010010198_I002.jpg</path>
	<source>
		<database>Unknown</database>
	</source>
	<size>
		<width>416</width>
		<height>416</height>
		<depth>3</depth>
	</size>
	<segmented>0</segmented>
	<object>
		<name>2001.001.0198</name>
		<pose>Unspecified</pose>
		<truncated>0</truncated>
		<difficult>0</difficult>
		<bndbox>
			<xmin>26</xmin>
			<ymin>108</ymin>
			<xmax>388</xmax>
			<ymax>357</ymax>
		</bndbox>
	</object>
</annotation>