<?xml version="1.0" encoding="utf-8"?>
<annotation>
 <folder>
  data
 </folder>
 <filename>
  20020040294_I001_4.jpg
 </filename>
 <path>
  C:\museum\windows_LabelImg_v1.8.1\data\20020040294_I001.jpg
 </path>
 <source>
  <database>
   Unknown
  </database>
 </source>
 <size>
  <width>
   416
  </width>
  <height>
   416
  </height>
  <depth>
   3
  </depth>
 </size>
 <segmented>
  0
 </segmented>
 <object>
  <name>
   2002.004.0294
  </name>
  <pose>
   Unspecified
  </pose>
  <truncated>
   0
  </truncated>
  <difficult>
   0
  </difficult>
  <bndbox>
   <xmin>
    3.6223559679227293
   </xmin>
   <ymin>
    76.00977303780424
   </ymin>
   <xmax>
    410.0075752590914
   </xmax>
   <ymax>
    339.9902269621958
   </ymax>
  </bndbox>
 </object>
</annotation>