<?xml version="1.0" encoding="utf-8"?>
<annotation>
 <folder>
  data
 </folder>
 <filename>
  20020040294_I002_9.jpg
 </filename>
 <path>
  C:\museum\windows_LabelImg_v1.8.1\data\20020040294_I002.jpg
 </path>
 <source>
  <database>
   Unknown
  </database>
 </source>
 <size>
  <width>
   416
  </width>
  <height>
   416
  </height>
  <depth>
   3
  </depth>
 </size>
 <segmented>
  0
 </segmented>
 <object>
  <name>
   2002.004.0294
  </name>
  <pose>
   Unspecified
  </pose>
  <truncated>
   0
  </truncated>
  <difficult>
   0
  </difficult>
  <bndbox>
   <xmin>
    13.19982528940267
   </xmin>
   <ymin>
    15.083771328899559
   </ymin>
   <xmax>
    319.8933746530442
   </xmax>
   <ymax>
    299.9262136280888
   </ymax>
  </bndbox>
 </object>
</annotation>