<?xml version="1.0" encoding="utf-8"?>
<annotation>
 <folder>
  data
 </folder>
 <filename>
  20020080278_I001_4.jpg
 </filename>
 <path>
  C:\museum\windows_LabelImg_v1.8.1\data\20020080278_I001.jpg
 </path>
 <source>
  <database>
   Unknown
  </database>
 </source>
 <size>
  <width>
   416
  </width>
  <height>
   416
  </height>
  <depth>
   3
  </depth>
 </size>
 <segmented>
  0
 </segmented>
 <object>
  <name>
   2002.008.0278
  </name>
  <pose>
   Unspecified
  </pose>
  <truncated>
   0
  </truncated>
  <difficult>
   0
  </difficult>
  <bndbox>
   <xmin>
    162.40214862162523
   </xmin>
   <ymin>
    79.72656498324608
   </ymin>
   <xmax>
    188.4865477583078
   </xmax>
   <ymax>
    228.82491216073868
   </ymax>
  </bndbox>
 </object>
</annotation>