<annotation>
	<folder>data</folder>
	<filename>20020080276_I001.jpg</filename>
	<path>C:\museum\windows_LabelImg_v1.8.1\data\20020080276_I001.jpg</path>
	<source>
		<database>Unknown</database>
	</source>
	<size>
		<width>416</width>
		<height>416</height>
		<depth>3</depth>
	</size>
	<segmented>0</segmented>
	<object>
		<name>2002.008.0276</name>
		<pose>Unspecified</pose>
		<truncated>0</truncated>
		<difficult>0</difficult>
		<bndbox>
			<xmin>61</xmin>
			<ymin>169</ymin>
			<xmax>373</xmax>
			<ymax>259</ymax>
		</bndbox>
	</object>
</annotation>