<?xml version="1.0" encoding="utf-8"?>
<annotation>
 <folder>
  data
 </folder>
 <filename>
  20020040291_I002_3.jpg
 </filename>
 <path>
  C:\museum\windows_LabelImg_v1.8.1\data\20020040291_I002.jpg
 </path>
 <source>
  <database>
   Unknown
  </database>
 </source>
 <size>
  <width>
   416
  </width>
  <height>
   416
  </height>
  <depth>
   3
  </depth>
 </size>
 <segmented>
  0
 </segmented>
 <object>
  <name>
   2002.004.0291
  </name>
  <pose>
   Unspecified
  </pose>
  <truncated>
   0
  </truncated>
  <difficult>
   0
  </difficult>
  <bndbox>
   <xmin>
    0.0
   </xmin>
   <ymin>
    0.0
   </ymin>
   <xmax>
    383.0
   </xmax>
   <ymax>
    365.0
   </ymax>
  </bndbox>
 </object>
</annotation>