<?xml version="1.0" encoding="utf-8"?>
<annotation>
 <folder>
  data
 </folder>
 <filename>
  20020080276_I001_4.jpg
 </filename>
 <path>
  C:\museum\windows_LabelImg_v1.8.1\data\20020080276_I001.jpg
 </path>
 <source>
  <database>
   Unknown
  </database>
 </source>
 <size>
  <width>
   416
  </width>
  <height>
   416
  </height>
  <depth>
   3
  </depth>
 </size>
 <segmented>
  0
 </segmented>
 <object>
  <name>
   2002.008.0276
  </name>
  <pose>
   Unspecified
  </pose>
  <truncated>
   0
  </truncated>
  <difficult>
   0
  </difficult>
  <bndbox>
   <xmin>
    100.5830106927915
   </xmin>
   <ymin>
    114.99574966773231
   </ymin>
   <xmax>
    315.4169893072085
   </xmax>
   <ymax>
    301.0042503322677
   </ymax>
  </bndbox>
 </object>
</annotation>