<?xml version="1.0" encoding="utf-8"?>
<annotation>
 <folder>
  data
 </folder>
 <filename>
  200300108270002_I001_5.jpg
 </filename>
 <path>
  C:\museum\windows_LabelImg_v1.8.1\data\200300108270002_I001.jpg
 </path>
 <source>
  <database>
   Unknown
  </database>
 </source>
 <size>
  <width>
   416
  </width>
  <height>
   416
  </height>
  <depth>
   3
  </depth>
 </size>
 <segmented>
  0
 </segmented>
 <object>
  <name>
   2003.001.0827.0002
  </name>
  <pose>
   Unspecified
  </pose>
  <truncated>
   0
  </truncated>
  <difficult>
   0
  </difficult>
  <bndbox>
   <xmin>
    3.999999999999986
   </xmin>
   <ymin>
    28.0
   </ymin>
   <xmax>
    330.0
   </xmax>
   <ymax>
    362.0
   </ymax>
  </bndbox>
 </object>
</annotation>