<annotation>
	<folder>data</folder>
	<filename>20030200029_A001.jpg</filename>
	<path>C:\museum\windows_LabelImg_v1.8.1\data\20030200029_A001.jpg</path>
	<source>
		<database>Unknown</database>
	</source>
	<size>
		<width>416</width>
		<height>416</height>
		<depth>3</depth>
	</size>
	<segmented>0</segmented>
	<object>
		<name>2003.020.0029</name>
		<pose>Unspecified</pose>
		<truncated>0</truncated>
		<difficult>0</difficult>
		<bndbox>
			<xmin>61</xmin>
			<ymin>240</ymin>
			<xmax>324</xmax>
			<ymax>340</ymax>
		</bndbox>
	</object>
</annotation>