<annotation>
	<folder>data</folder>
	<filename>200300108270001_I002.jpg</filename>
	<path>C:\museum\windows_LabelImg_v1.8.1\data\200300108270001_I002.jpg</path>
	<source>
		<database>Unknown</database>
	</source>
	<size>
		<width>416</width>
		<height>416</height>
		<depth>3</depth>
	</size>
	<segmented>0</segmented>
	<object>
		<name>2003.001.0827.0001</name>
		<pose>Unspecified</pose>
		<truncated>0</truncated>
		<difficult>0</difficult>
		<bndbox>
			<xmin>61</xmin>
			<ymin>107</ymin>
			<xmax>335</xmax>
			<ymax>313</ymax>
		</bndbox>
	</object>
</annotation>