<annotation>
	<folder>data</folder>
	<filename>20030010827_I004.jpg</filename>
	<path>C:\museum\windows_LabelImg_v1.8.1\data\20030010827_I004.jpg</path>
	<source>
		<database>Unknown</database>
	</source>
	<size>
		<width>416</width>
		<height>416</height>
		<depth>3</depth>
	</size>
	<segmented>0</segmented>
	<object>
		<name>2003.001.0827</name>
		<pose>Unspecified</pose>
		<truncated>0</truncated>
		<difficult>0</difficult>
		<bndbox>
			<xmin>38</xmin>
			<ymin>30</ymin>
			<xmax>359</xmax>
			<ymax>328</ymax>
		</bndbox>
	</object>
</annotation>