<annotation>
	<folder>data</folder>
	<filename>20030010817_I001.jpg</filename>
	<path>C:\museum\windows_LabelImg_v1.8.1\data\20030010817_I001.jpg</path>
	<source>
		<database>Unknown</database>
	</source>
	<size>
		<width>416</width>
		<height>416</height>
		<depth>3</depth>
	</size>
	<segmented>0</segmented>
	<object>
		<name>2003.001.0817</name>
		<pose>Unspecified</pose>
		<truncated>0</truncated>
		<difficult>0</difficult>
		<bndbox>
			<xmin>29</xmin>
			<ymin>79</ymin>
			<xmax>402</xmax>
			<ymax>353</ymax>
		</bndbox>
	</object>
</annotation>